Name,Email,HackerRank username
Akash Karri,akash.karri@example.edu,akarri4
Srinivas Katragadda,srinivas.k@example.edu,skatrag1
Priya Sharma,priya.sharma@example.edu,priya_sh
Rahul Verma,rahul.verma@example.edu,rahulv_codes
Ananya Reddy,ananya.reddy@example.edu,ananya_r
Kiran Das,kiran.das@example.edu,kirandas
Meera Iyer,meera.iyer@example.edu,meera_iyer
Vikram Rao,vikram.rao@example.edu,vikramrao7
Sneha Patel,sneha.patel@example.edu,snehap
Arjun Naidu,arjun.naidu@example.edu,arjun_n
Divya Menon,divya.menon@example.edu,divyam21
Harsh Gupta,harsh.gupta@example.edu,harshg
